driver_tag,timestamp,gps_speed,no_of_veh_det,overspeeding,acc_Z,at_estimates.nor,at_estimates.acc,at_estimates.brk,at_estimates.chosen
21,27,23.38888889,1,0,0.059690909,0.0491063209113258,0.490913374525967,0.459980304562708,0.490913374525967
21,37,23.33333333,1,0,-0.091763636,0.203378398327454,0.33032322999981,0.466298371672736,0.466298371672736
21,39,23.02777778,1,0,0.012472727,0.139462941860261,0.252741577839903,0.607795480299836,0.139462941860261
21,44,22.69444444,1,0,0.065927273,0.242287403967946,0.574956956485872,0.182755639546182,0.574956956485872
21,47,23.16666667,1,0,0.090872727,0.212891164264874,0.332793860126952,0.454314975608174,0.332793860126952
21,49,23.38888889,1,0,-0.083745455,0.20092152923581,0.301559744152593,0.497518726611597,0.497518726611597
21,49,23.69444444,1,0,-0.083745455,0.134868487554858,0.182327140599206,0.682804371845936,0.682804371845936
21,51,24.27777778,1,0,0.179963636,0.160283076121662,0.219066294041514,0.620650629836824,0.219066294041514
21,51,24.88888889,1,0,0.179963636,0.227067235560453,0.312046692684353,0.460886071755194,0.312046692684353
21,53,25.19444444,1,0,-0.346563636,0.179772316021755,0.215122939065287,0.605104744912959,0.605104744912959
21,55,24.72222222,2,0,-0.289545455,0.155730968852572,0.26346565877068,0.580803372376748,0.580803372376748
21,55,24.16666667,2,0,-0.289545455,0.148026489407877,0.255682592751242,0.596290917840881,0.596290917840881
21,57,23.22222222,1,0,-0.098890909,0.164797886797545,0.312852524000953,0.522349589201502,0.522349589201502
21,61,22.41666667,1,0,0.070381818,0.164300804653139,0.287910122035115,0.547789073311746,0.287910122035115
21,63,22.83333333,2,0,0.326072727,0.236480418342676,0.402242257852495,0.36127732380483,0.402242257852495
21,65,24.0,2,0,0.106909091,0.203557340150586,0.227554677790498,0.568887982058915,0.227554677790498
21,67,24.13888889,2,0,-0.080181818,0.211457931681931,0.316356827645575,0.472185240672494,0.472185240672494
21,72,27.83333333,2,0,-0.212927273,0.104327800226137,0.0461482932498763,0.849523906523987,0.849523906523987
21,78,28.41666667,1,0,-0.257472727,0.178744741672737,0.147378980354831,0.673876277972432,0.673876277972432
21,80,27.91666667,1,0,-0.094436364,0.210072691098388,0.257067587616547,0.532859721285065,0.532859721285065
21,82,27.58333333,1,0,0.106909091,0.20837534810638,0.254580218634169,0.537044433259451,0.254580218634169
21,84,27.61111111,1,0,-0.046327273,0.269426206218951,0.293969130651018,0.436604663130031,0.269426206218951
21,86,27.88888889,1,0,-0.0392,0.348929871483153,0.448882247373225,0.202187881143621,0.348929871483153
21,89,26.94444444,2,0,-0.082854545,0.26251866414421,0.59198403173002,0.14549730412577,0.14549730412577
21,91,26.61111111,3,0,-0.048109091,0.158897105001084,0.270735175618463,0.570367719380452,0.158897105001084
21,94,26.02777778,4,0,0.461490909,0.21187958240875,0.714710078425204,0.0734103391660462,0.714710078425204
21,96,27.52777778,2,0,0.099781818,0.214225185983607,0.177436874266126,0.608337939750267,0.177436874266126
21,98,29.08333333,1,0,-0.182636364,0.243462113663428,0.171938064058356,0.584599822278216,0.584599822278216
21,100,29.88888889,1,0,-0.163036364,0.18449039609751,0.152851830896646,0.662657773005843,0.662657773005843
21,102,30.44444444,1,0,-0.292218182,0.174316475909621,0.14235860355727,0.68332492053311,0.68332492053311
21,105,30.86111111,2,0,0.049890909,0.225343540203755,0.260902116662591,0.513754343133654,0.260902116662591
21,107,30.61111111,2,0,-0.291327273,0.253099895559436,0.30736811212952,0.439531992311044,0.439531992311044
21,109,29.88888889,2,0,-0.080181818,0.209097950554818,0.321574490045408,0.469327559399774,0.469327559399774
21,111,29.66666667,2,0,0.329636364,0.222640112671084,0.329567439279497,0.44779244804942,0.329567439279497
21,111,29.47222222,2,0,0.329636364,0.267568944127919,0.386992134426319,0.345438921445762,0.386992134426319
21,114,30.25,2,0,-0.114036364,0.233200539677649,0.209434580360799,0.557364879961553,0.557364879961553
21,116,29.91666667,2,0,-0.098,0.189975981873872,0.243604598367012,0.566419419759116,0.566419419759116
21,116,29.88888889,2,0,-0.098,0.185623282275994,0.218085394546443,0.596291323177563,0.596291323177563
21,121,29.0,2,0,-0.000890909,0.193195636363109,0.306998798894955,0.499805564741935,0.193195636363109
21,123,29.05555556,2,0,0.001781818,0.320155090806679,0.502735392734973,0.177109516458348,0.320155090806679
21,125,29.13888889,2,0,0.120272727,0.320570079723785,0.522893025670439,0.156536894605776,0.522893025670439
21,128,29.22222222,2,0,-0.069490909,0.253903201608912,0.317283628709812,0.428813169681276,0.428813169681276
21,128,29.22222222,2,0,-0.069490909,0.18027341964906,0.215964945455288,0.603761634895652,0.603761634895652
21,130,29.69444444,3,0,-0.038309091,0.175147493083729,0.210602869659694,0.614249637256577,0.175147493083729
21,132,28.94444444,3,0,-0.091763636,0.268159982980363,0.591541665059167,0.14029835196047,0.14029835196047
21,135,28.41666667,3,0,-0.030290909,0.175012265808417,0.293589831907456,0.531397902284127,0.175012265808417
21,137,28.38888889,3,0,-0.080181818,0.287185945924091,0.536417461023913,0.176396593051996,0.176396593051996
21,137,28.25,3,0,-0.080181818,0.166508784445656,0.247385201285447,0.586106014268897,0.586106014268897
21,139,27.52777778,2,0,-0.089981818,0.171181041170296,0.267849728318624,0.56096923051108,0.56096923051108
21,141,27.5,2,0,-0.063254545,0.168596703377331,0.2245242616676,0.606879034955069,0.606879034955069
21,144,27.36111111,2,0,0.408036364,0.20499055141239,0.342929141303028,0.452080307284582,0.342929141303028
21,144,28.0,2,0,0.408036364,0.255344137792,0.321605588297765,0.423050273910235,0.321605588297765
21,146,29.25,2,0,0.067709091,0.227376022893708,0.201842828091916,0.570781149014375,0.201842828091916
21,149,30.16666667,2,0,-0.134527273,0.256190021335281,0.251396791222649,0.49241318744207,0.49241318744207
21,151,30.13888889,2,0,-0.228963636,0.17472745717995,0.200925390403414,0.624347152416637,0.624347152416637
21,154,29.94444444,2,0,-0.026727273,0.203599285245577,0.279220080325082,0.517180634429341,0.203599285245577
21,156,29.38888889,2,0,-0.153236364,0.297801854419414,0.532188134488797,0.17001001109179,0.17001001109179
21,158,29.08333333,2,0,-0.044545455,0.18878081011077,0.265712929383696,0.545506260505533,0.18878081011077
21,158,28.77777778,2,0,-0.044545455,0.298669931436957,0.540253052141213,0.16107701642183,0.298669931436957
21,161,29.38888889,2,0,0.296672727,0.332452242152442,0.526456479817911,0.141091278029647,0.526456479817911
21,163,30.08333333,2,0,-0.0784,0.237892205331116,0.230781627284217,0.531326167384668,0.531326167384668
21,165,30.36111111,2,0,-0.147,0.17678862776705,0.185765993295063,0.637445378937887,0.637445378937887
21,168,29.83333333,2,0,0.1078,0.210760600792899,0.317180243161459,0.472059156045642,0.317180243161459
21,170,30.33333333,2,0,-0.023163636,0.269170420612138,0.296334844146892,0.434494735240971,0.269170420612138
21,172,30.13888889,2,0,0.003563636,0.320173802433473,0.523703777873157,0.15612241969337,0.320173802433473
21,172,30.27777778,2,0,0.003563636,0.333123292003703,0.490458146949649,0.176418561046647,0.333123292003703
21,175,30.11111111,1,0,-0.086418182,0.344992312779764,0.466498389514835,0.188509297705401,0.188509297705401
21,175,29.69444444,1,0,-0.086418182,0.195469475081706,0.224373791706761,0.580156733211533,0.580156733211533
21,180,28.91666667,1,0,0.155909091,0.213918612691433,0.308880408238817,0.47720097906975,0.308880408238817
21,182,28.72222222,1,0,0.049,0.268422758050551,0.333847121740672,0.397730120208777,0.333847121740672
21,184,29.16666667,1,0,0.047218182,0.285077498494799,0.303978786116273,0.410943715388928,0.303978786116273
21,187,29.11111111,1,0,0.038309091,0.290681434723989,0.335602322923385,0.373716242352626,0.290681434723989
21,187,29.11111111,1,0,0.038309091,0.352699876641498,0.464077584973869,0.183222538384633,0.352699876641498
21,189,29.36111111,1,0,-0.013363636,0.359024923180453,0.435176770770097,0.20579830604945,0.359024923180453
21,195,29.72222222,1,0,-0.0882,0.372550615517148,0.41316014435043,0.214289240132422,0.214289240132422
21,197,29.86111111,1,0,0.082854545,0.211882240588438,0.220344163213737,0.567773596197825,0.220344163213737
21,200,30.69444444,1,0,-0.122054545,0.280316811122742,0.228360895073849,0.49132229380341,0.49132229380341
21,200,30.27777778,1,0,-0.122054545,0.203423992488659,0.221837821691061,0.57473818582028,0.57473818582028
21,202,30.25,1,0,-0.199563636,0.187874150462237,0.182843656712449,0.629282192825314,0.629282192825314
21,205,29.94444444,2,0,0.008909091,0.204162481008863,0.289939642318103,0.505897876673034,0.204162481008863
21,208,30.55555556,2,0,0.280636364,0.342194571609479,0.509514903236352,0.148290525154169,0.509514903236352
21,211,31.08333333,2,0,0.159472727,0.28620722843801,0.288081268502754,0.425711503059237,0.288081268502754
21,225,31.02777778,1,0,-0.049,0.294630937828653,0.28563751986835,0.419731542302997,0.294630937828653
21,229,31.0,2,0,-0.015145455,0.331645840262775,0.509129259989579,0.159224899747647,0.331645840262775
21,232,30.19444444,3,0,-0.005345455,0.274387238910912,0.601382538369233,0.124230222719854,0.274387238910912
21,236,29.94444444,3,0,0.118490909,0.291302914767431,0.578545942288198,0.130151142944371,0.578545942288198
21,239,30.22222222,3,0,0.038309091,0.259517891027026,0.35234433540905,0.388137773563924,0.259517891027026
21,243,30.27777778,3,0,-0.101563636,0.309751632144777,0.499452173147139,0.190796194708084,0.190796194708084
21,247,29.66666667,2,0,-0.073945455,0.192449132848912,0.265944556739726,0.541606310411361,0.541606310411361
21,253,28.66666667,1,0,0.008018182,0.200993804489504,0.285509050259878,0.513497145250618,0.200993804489504
21,257,28.5,1,0,0.111363636,0.330418091242361,0.510702615190162,0.158879293567477,0.510702615190162
21,261,30.36111111,2,0,-0.106909091,0.25085207783168,0.182867023536827,0.566280898631493,0.566280898631493
21,261,30.36111111,2,0,-0.106909091,0.189589366247997,0.215636750062155,0.594773883689847,0.594773883689847
21,265,30.52777778,2,0,-0.108690909,0.191410124845489,0.202268695880894,0.606321179273617,0.606321179273617
21,265,30.27777778,2,0,-0.108690909,0.193689263016666,0.231150940183845,0.575159796799489,0.575159796799489
21,269,29.52777778,2,0,-0.182636364,0.182658269704393,0.252859750772056,0.564481979523551,0.564481979523551
21,272,28.5,2,0,-0.021381818,0.199732306585624,0.330117878535256,0.470149814879119,0.199732306585624
21,276,27.22222222,1,0,0.364381818,0.272766666610854,0.644808759846968,0.0824245735421787,0.644808759846968
21,280,28.66666667,1,0,0.020490909,0.238281811906246,0.164450482019782,0.597267706073972,0.238281811906246
21,287,30.13888889,1,0,0.020490909,0.407302231217594,0.336078517109857,0.256619251672549,0.407302231217594
21,290,29.33333333,1,0,-0.066818182,0.314135587404474,0.525756160045516,0.16010825255001,0.16010825255001
21,294,29.83333333,1,0,0.112254545,0.20579800083996,0.200030039258317,0.594171959901723,0.200030039258317
21,298,31.13888889,1,0,-0.028509091,0.283435207860577,0.212579149371145,0.503985642768277,0.283435207860577
21,302,31.30555556,1,0,-0.158581818,0.36653453029951,0.425152817269738,0.208312652430752,0.208312652430752
21,302,30.86111111,1,0,-0.158581818,0.205168906034481,0.226391587194929,0.56843950677059,0.56843950677059
21,306,29.86111111,2,0,0.024054545,0.207339557475361,0.337521866043931,0.455138576480708,0.207339557475361
21,314,28.94444444,3,0,0.034745455,0.263337654653125,0.61327074333945,0.123391602007425,0.263337654653125
21,314,28.72222222,3,0,0.034745455,0.286791575211857,0.557022089289626,0.156186335498516,0.286791575211857
21,317,28.69444444,2,0,0.076618182,0.313758529269688,0.519123014558863,0.167118456171449,0.519123014558863
21,321,28.80555556,2,0,-0.062363636,0.255090367512379,0.326779008469865,0.418130624017756,0.418130624017756
21,325,27.41666667,2,0,-0.075727273,0.172713639451816,0.322311676305155,0.50497468424303,0.50497468424303
21,329,26.61111111,2,0,0.006236364,0.172824960925555,0.296923350298229,0.530251688776215,0.172824960925555
21,333,27.22222222,3,0,0.232527273,0.29373656776225,0.545570611174794,0.160692821062955,0.545570611174794
21,340,24.5,2,0,-0.245,0.177026091803925,0.504501727470511,0.318472180725564,0.318472180725564
21,344,21.22222222,2,0,0.181745455,0.138105470935351,0.621362117265379,0.240532411799269,0.621362117265379
21,348,19.86111111,1,0,0.301127273,0.202399160206605,0.502479842973616,0.295120996819779,0.502479842973616
21,351,21.08333333,1,0,0.160363636,0.19803403176392,0.217054642233829,0.584911326002251,0.217054642233829
21,355,23.72222222,2,0,0.043654545,0.195327858831842,0.155270790451586,0.649401350716572,0.195327858831842
21,358,25.30555556,3,0,-0.102454545,0.291679479252142,0.389611552680552,0.318708968067307,0.318708968067307
21,362,25.61111111,3,0,-0.069490909,0.146723991568945,0.221686728386125,0.63158928004493,0.63158928004493
21,366,25.27777778,3,0,0.032072727,0.153492365926032,0.288558391220988,0.55794924285298,0.153492365926032
21,369,26.86111111,3,0,0.0588,0.312790382464889,0.425578209454972,0.261631408080139,0.425578209454972
21,372,28.08333333,2,0,-0.588890909,0.180748990426775,0.148534034036775,0.67071697553645,0.67071697553645
21,372,27.75,2,0,-0.588890909,0.169320316536681,0.241678012235634,0.589001671227685,0.589001671227685
21,375,28.22222222,1,0,0.139872727,0.244234907819438,0.327758468784904,0.428006623395658,0.327758468784904
21,379,27.5,1,0,-0.220945455,0.230816496414952,0.322594471951467,0.446589031633581,0.446589031633581
21,386,27.0,2,0,-0.296672727,0.15986826201617,0.235083781570171,0.605047956413658,0.605047956413658
21,389,25.30555556,2,0,0.0098,0.173975006939211,0.442051743073234,0.383973249987555,0.173975006939211
21,395,23.19444444,3,0,0.147,0.175195871733527,0.745861131250982,0.0789429970154907,0.745861131250982
21,398,23.94444444,3,0,-0.132745455,0.191813817338914,0.26681163469167,0.541374547969416,0.541374547969416
21,404,24.0,3,0,0.083745455,0.157291630418757,0.279820518106426,0.562887851474817,0.279820518106426
21,407,24.19444444,2,0,0.125618182,0.230479321833009,0.368010464033126,0.401510214133865,0.368010464033126
21,410,24.13888889,2,0,-0.077509091,0.211651993328063,0.32725906554097,0.461088941130967,0.461088941130967
21,414,24.97222222,2,0,0.066818182,0.158189884012909,0.186107543066772,0.65570257292032,0.186107543066772
21,417,25.25,2,0,-0.181745455,0.229892358549401,0.276255846156374,0.493851795294225,0.493851795294225
21,440,25.02777778,0,0,0.189763636,0.218635750826822,0.257003739005522,0.524360510167656,0.257003739005522
21,443,26.13888889,0,0,-0.049890909,0.251697514141764,0.17821515056554,0.570087335292696,0.251697514141764
21,457,21.0,0,0,0.035636364,0.136584957103116,0.826428368449203,0.0369866744476808,0.136584957103116
21,459,20.61111111,0,0,-0.316272727,0.285397545305078,0.411980987732767,0.302621466962155,0.302621466962155
21,459,19.97222222,0,0,-0.316272727,0.147974463257101,0.203567925093663,0.648457611649236,0.648457611649236
21,461,19.27777778,0,0,-0.258363636,0.149292356661252,0.219326814086611,0.631380829252137,0.631380829252137
21,468,18.86111111,0,0,-0.223618182,0.141992530279495,0.19510675726576,0.662900712454745,0.662900712454745
21,471,18.36111111,0,0,0.4508,0.191754517061609,0.356896884602851,0.45134859833554,0.356896884602851
21,474,19.52777778,0,0,-0.005345455,0.167402804696884,0.138479075215465,0.694118120087651,0.167402804696884
21,477,19.38888889,0,0,-0.282418182,0.281045034458378,0.411349425590421,0.307605539951201,0.307605539951201
21,477,19.58333333,0,0,-0.282418182,0.136245701170509,0.152700819133974,0.711053479695517,0.711053479695517
21,479,19.27777778,0,0,-0.177290909,0.149895735954852,0.202802572698885,0.647301691346263,0.647301691346263
21,483,19.16666667,0,0,-0.336763636,0.122521316206275,0.141814613789742,0.735664070003983,0.735664070003983
21,483,19.11111111,0,0,-0.336763636,0.13634263592819,0.166355548042221,0.697301816029588,0.697301816029588
21,486,17.80555556,0,0,-0.120272727,0.156036814943521,0.305579504942274,0.538383680114205,0.538383680114205
21,489,17.33333333,0,0,-0.459709091,0.101815696913412,0.129452595495584,0.768731707591005,0.768731707591005
21,492,17.27777778,1,0,0.616509091,0.188621396265253,0.463491360643208,0.347887243091539,0.463491360643208
21,495,18.11111111,1,0,-0.269054545,0.104781817014936,0.110530920152213,0.784687262832851,0.784687262832851
21,495,18.61111111,1,0,-0.269054545,0.112583916735754,0.158703957462604,0.728712125801642,0.728712125801642
21,511,16.44444444,0,0,-0.689563636,0.106444461525669,0.214729735592873,0.678825802881458,0.678825802881458
21,511,16.41666667,0,0,-0.689563636,0.120124751050454,0.162674654572325,0.717200594377221,0.717200594377221
21,518,21.36111111,1,0,-0.423181818,0.0922047323231874,0.0398428108501921,0.86795245682662,0.86795245682662
21,520,21.77777778,0,0,-0.358145455,0.141531738279161,0.162312039753935,0.696156221966905,0.696156221966905
21,523,21.25,1,0,-0.0686,0.15877035867176,0.300750128475629,0.540479512852611,0.540479512852611
21,523,20.77777778,1,0,-0.0686,0.13291862001742,0.22439406694442,0.64268731303816,0.64268731303816
21,527,19.16666667,2,0,-0.262818182,0.115063078786379,0.282583833956184,0.602353087257437,0.602353087257437
21,530,17.38888889,1,0,0.1078,0.144327082195764,0.431359789464938,0.424313128339299,0.431359789464938
21,536,16.05555556,1,0,0.6762,0.174436710291072,0.627283763880564,0.198279525828364,0.627283763880564
21,543,19.97222222,3,0,-0.272618182,0.0686012762214453,0.0368207269128328,0.894577996865722,0.894577996865722
21,546,19.5,4,0,0.329636364,0.142262295715962,0.463677291127087,0.394060413156951,0.463677291127087
21,549,21.08333333,3,0,-0.495345455,0.111304288366488,0.111631775774292,0.77706393585922,0.77706393585922
21,549,21.08333333,3,0,-0.495345455,0.12293551563846,0.228965932527748,0.648098551833792,0.648098551833792
21,552,22.11111111,2,0,0.111363636,0.180155407357759,0.27269941632235,0.54714517631989,0.27269941632235
21,556,23.80555556,2,0,0.540781818,0.26613317834487,0.331236580660723,0.402630240994407,0.331236580660723
21,559,27.08333333,2,0,0.030290909,0.162191146089581,0.0785107661546345,0.759298087755784,0.162191146089581
21,563,30.83333333,2,0,0.003563636,0.406712598012402,0.201082110574331,0.392205291413267,0.406712598012402
21,567,32.25,1,0,0.388436364,0.444716726665982,0.394507318296138,0.16077595503788,0.394507318296138
21,570,31.44444444,2,0,-0.292218182,0.233265039183983,0.269110373251378,0.497624587564639,0.497624587564639
21,574,29.38888889,3,0,-7.73e-19,0.188660051242541,0.494937276628219,0.316402672129241,0.188660051242541
21,577,28.16666667,3,0,-0.067709091,0.252571056013552,0.622164303691405,0.125264640295043,0.125264640295043
21,581,26.77777778,3,0,0.185309091,0.180948706164556,0.416740451519658,0.402310842315787,0.416740451519658
21,584,29.11111111,2,0,0.123836364,0.258909433889321,0.179627864521799,0.56146270158888,0.179627864521799
21,587,30.63888889,2,0,-0.434763636,0.21320516662041,0.144804693790203,0.641990139589386,0.641990139589386
21,590,32.72222222,1,0,-0.065927273,0.234610531129134,0.142196554242926,0.62319291462794,0.62319291462794
21,594,32.13888889,1,0,-0.144327273,0.21530767214567,0.214607189606796,0.570085138247533,0.570085138247533
21,601,28.97222222,2,0,0.026727273,0.17669560760698,0.541473084991163,0.281831307401857,0.17669560760698
21,604,27.72222222,3,0,0.014254545,0.23538627110764,0.647943720094849,0.116670008797511,0.23538627110764
21,607,27.13888889,2,0,0.030290909,0.277069348216566,0.571582974972997,0.151347676810437,0.277069348216566
21,610,26.25,2,0,-0.034745455,0.264297721504675,0.581122358225336,0.154579920269988,0.264297721504675
21,613,26.58333333,2,0,-0.041872727,0.306631830960223,0.487679910786081,0.205688258253696,0.306631830960223
21,616,25.58333333,3,0,-0.070381818,0.237276443848821,0.626578438433798,0.136145117717381,0.136145117717381
21,619,24.83333333,2,0,0.148781818,0.17496389004134,0.323158973391639,0.501877136567021,0.323158973391639
21,623,25.83333333,3,0,-0.305581818,0.188549652338463,0.208962021108169,0.602488326553368,0.602488326553368
21,627,26.69444444,2,0,0.164818182,0.207116947667498,0.251354830646541,0.541528221685962,0.251354830646541
21,631,26.75,2,0,-0.164818182,0.219427154677995,0.288176768926453,0.492396076395552,0.492396076395552
21,631,26.61111111,2,0,-0.164818182,0.162513670241412,0.224390592263889,0.6130957374947,0.6130957374947
21,634,26.25,1,0,0.297563636,0.213005980172474,0.326889563456311,0.460104456371215,0.326889563456311
21,637,25.36111111,2,0,-0.167490909,0.201310820643893,0.331321302017182,0.467367877338925,0.467367877338925
21,637,26.41666667,2,0,-0.167490909,0.15044499750981,0.148116865880195,0.701438136609995,0.701438136609995
21,641,27.22222222,2,0,0.328745455,0.210740331864036,0.264432101796341,0.524827566339624,0.264432101796341
21,645,27.66666667,3,0,0.246781818,0.240870806524639,0.337786988833143,0.421342204642218,0.337786988833143
21,648,29.5,2,0,-0.016036364,0.239149387777294,0.175707232929277,0.585143379293429,0.239149387777294
21,648,29.86111111,2,0,-0.016036364,0.340688442299158,0.469729786138665,0.189581771562177,0.340688442299158
21,655,30.80555556,2,0,0.327854545,0.365274259246105,0.485538317585871,0.149187423168024,0.485538317585871
21,658,31.55555556,2,0,-0.4998,0.196317265798481,0.143766381141362,0.659916353060157,0.659916353060157
21,661,30.08333333,1,0,-0.084636364,0.232334239622959,0.413023623085428,0.354642137291612,0.354642137291612
21,665,31.52777778,1,0,0.305581818,0.235350588468048,0.180743191218113,0.583906220313839,0.180743191218113
21,668,32.97222222,1,0,-0.076618182,0.266739282365397,0.161896383792671,0.571364333841932,0.571364333841932
21,671,32.77777778,1,0,-0.49,0.169381022442253,0.136769726936638,0.693849250621108,0.693849250621108
21,674,30.75,1,0,-0.014254545,0.232779988595613,0.478013607693058,0.289206403711328,0.232779988595613
21,678,29.44444444,2,0,0.367054545,0.257539290258903,0.67030753074518,0.0721531789959176,0.67030753074518
21,678,29.19444444,2,0,0.367054545,0.265723635959127,0.391059124989874,0.343217239050999,0.391059124989874
21,681,30.94444444,1,0,-0.227181818,0.210917103498776,0.117159122184348,0.671923774316875,0.671923774316875
21,684,29.41666667,1,0,-0.062363636,0.209607759120746,0.355341023821286,0.435051217057968,0.435051217057968
21,688,30.47222222,1,0,0.084636364,0.198718485982554,0.16197004638682,0.639311467630626,0.16197004638682
21,688,31.05555556,1,0,0.084636364,0.299734452081379,0.294003123572243,0.406262424346378,0.294003123572243
21,691,31.47222222,2,0,-0.106909091,0.272578897737381,0.289192604140607,0.438228498122012,0.438228498122012
21,695,31.05555556,1,0,-0.165709091,0.209337913780345,0.205360736747026,0.585301349472629,0.585301349472629
21,698,30.11111111,1,0,0.060581818,0.223952950081826,0.316830316061456,0.459216733856718,0.316830316061456
21,701,30.08333333,2,0,0.224509091,0.287572572696593,0.406434156606807,0.3059932706966,0.406434156606807
21,704,30.97222222,3,0,0.252127273,0.282518723380682,0.321292432588296,0.396188844031022,0.321292432588296
21,708,31.52777778,2,0,-0.319836364,0.23474586598678,0.196432591360526,0.568821542652694,0.568821542652694
21,711,30.69444444,2,0,0.330527273,0.258428255409381,0.426260033935548,0.315311710655071,0.426260033935548
21,711,30.86111111,2,0,0.330527273,0.303090864048895,0.336014143995134,0.360894991955971,0.336014143995134
21,721,34.22222222,0,1,-0.4802,0.118976349295268,0.0222419139225704,0.858781736782161,0.858781736782161
21,724,32.66666667,0,0,0.270836364,0.305982580422623,0.443162872675652,0.250854546901725,0.443162872675652
21,726,32.77777778,0,0,-0.190654545,0.299373721298364,0.196433920514089,0.504192358187547,0.504192358187547
21,730,30.88888889,1,0,-0.0392,0.229305389903977,0.372707691317283,0.397986918778741,0.229305389903977
21,734,30.66666667,1,0,0.090872727,0.346415266672992,0.510193715309237,0.143391018017771,0.510193715309237
21,734,30.97222222,1,0,0.090872727,0.301326532373146,0.313299961377025,0.385373506249829,0.313299961377025
21,737,31.16666667,1,0,-0.104236364,0.293878845635256,0.271939113020022,0.434182041344722,0.434182041344722
21,737,31.11111111,1,0,-0.104236364,0.209988960262121,0.195355982807646,0.594655056930233,0.594655056930233
21,744,30.52777778,0,0,-0.057909091,0.233760387308343,0.212665501759474,0.553574110932183,0.553574110932183
21,747,30.41666667,0,0,0.008018182,0.230086000166322,0.186151725190451,0.583762274643226,0.230086000166322
21,750,30.19444444,0,0,-0.013363636,0.395338017941176,0.426157216115886,0.178504765942938,0.395338017941176
21,759,30.72222222,2,0,-0.069490909,0.355633081144928,0.438637292009152,0.205729626845919,0.205729626845919
21,762,30.86111111,3,0,0.294890909,0.217440613267712,0.313130179635581,0.469429207096707,0.313130179635581
21,765,30.47222222,3,0,-0.247672727,0.224121443064117,0.294706585507715,0.481171971428168,0.481171971428168
21,768,29.80555556,2,0,0.359927273,0.238052765612161,0.414978075503204,0.346969158884635,0.414978075503204
21,772,31.47222222,3,0,0.192436364,0.264890995857026,0.220836381553157,0.514272622589817,0.220836381553157
21,775,32.27777778,2,0,0.002672727,0.287561810621139,0.253312748775498,0.459125440603363,0.287561810621139
21,778,33.0,1,0,-0.028509091,0.40636128408475,0.387150313425926,0.206488402489324,0.40636128408475
21,781,33.5,1,1,-0.016036364,0.38233990464333,0.316612743260069,0.3010473520966,0.38233990464333
21,784,33.36111111,1,1,-0.237872727,0.365055232797867,0.312285588595781,0.322659178606352,0.322659178606352
21,788,32.11111111,1,0,0.085527273,0.259374580762277,0.354385137024407,0.386240282213316,0.354385137024407
21,791,31.27777778,1,0,0.090872727,0.291525143917048,0.410705017451416,0.297769838631536,0.410705017451416
21,794,31.52777778,1,0,0.259254545,0.328972595550643,0.34560065938669,0.325426745062667,0.34560065938669
21,794,31.38888889,1,0,0.259254545,0.311444435670672,0.341030391334963,0.347525172994365,0.341030391334963
21,797,32.08333333,0,0,0.148781818,0.33484303271593,0.222084540970701,0.443072426313369,0.222084540970701
21,800,33.22222222,0,0,-0.016927273,0.33515375636198,0.184600796760867,0.480245446877153,0.33515375636198
21,803,32.91666667,0,0,-0.150563636,0.417655357932028,0.400030670171599,0.182313971896372,0.182313971896372
21,806,33.5,0,1,0.096218182,0.196147519866215,0.106835118412299,0.697017361721486,0.106835118412299
21,809,33.66666667,0,1,-0.182636364,0.256494593746432,0.144204573393979,0.599300832859589,0.599300832859589
21,812,33.61111111,0,1,-0.043654545,0.194199036039514,0.119491044697774,0.686309919262712,0.194199036039514
21,815,34.27777778,0,1,0.100672727,0.43687341641412,0.287528023343755,0.275598560242126,0.287528023343755
21,818,32.63888889,0,0,-0.095327273,0.323655496862742,0.378448587791568,0.29789591534569,0.29789591534569
21,821,31.63888889,1,0,0.413381818,0.254975437095976,0.392116867462688,0.352907695441335,0.392116867462688
21,824,32.08333333,1,0,-0.006236364,0.264875498004588,0.215874750962039,0.519249751033373,0.264875498004588
21,831,30.83333333,2,0,-0.086418182,0.291625596090229,0.58239486077044,0.125979543139331,0.125979543139331
21,834,30.13888889,2,0,0.131854545,0.213537347287624,0.319030099780687,0.46743255293169,0.319030099780687
21,837,30.41666667,2,0,-0.212036364,0.252981303119011,0.262961940369477,0.484056756511512,0.484056756511512
21,840,31.47222222,1,0,0.370618182,0.267608366361614,0.239548413229533,0.492843220408853,0.239548413229533
21,849,34.97222222,0,1,-0.049890909,0.169770044825195,0.0353017866550938,0.794928168519711,0.169770044825195
21,852,35.08333333,0,1,-0.285981818,0.405902869635612,0.258119992139975,0.335977138224412,0.335977138224412
21,857,32.86111111,0,0,0.048109091,0.277606639511514,0.406457439332777,0.315935921155708,0.406457439332777
21,860,33.19444444,0,0,0.036527273,0.359839378859773,0.262751588073567,0.37740903306666,0.359839378859773
21,865,33.83333333,0,1,-0.067709091,0.407064347744609,0.249065685742793,0.343869966512598,0.343869966512598
21,868,33.61111111,0,1,-0.293109091,0.149859681607514,0.083553000694189,0.766587317698297,0.766587317698297
21,871,31.66666667,0,0,-0.026727273,0.265559907085241,0.368774469619948,0.365665623294811,0.265559907085241
21,873,31.72222222,0,0,0.4018,0.412631558603339,0.475752554072868,0.111615887323794,0.475752554072868
21,876,31.22222222,0,0,0.052563636,0.302057022171324,0.259930770000553,0.438012207828123,0.259930770000553
21,879,31.05555556,0,0,-0.0098,0.330094464231764,0.294235799264477,0.375669736503759,0.330094464231764
21,885,31.88888889,0,0,-0.116709091,0.434527211084444,0.324883166403797,0.240589622511759,0.240589622511759
21,888,31.52777778,1,0,-0.001781818,0.221311677286397,0.246069336568519,0.532618986145084,0.221311677286397
21,892,30.66666667,2,0,0.041872727,0.294207997770072,0.582551115444773,0.123240886785154,0.294207997770072
21,895,30.02777778,2,0,-0.133636364,0.302283673448954,0.525145837885541,0.172570488665505,0.172570488665505
21,898,28.83333333,2,0,0.081072727,0.204286631881695,0.360620371408632,0.435092996709673,0.360620371408632
21,901,30.02777778,2,0,0.093545455,0.29697003359382,0.26144258471782,0.441587381688361,0.26144258471782
21,904,30.05555556,2,0,0.081963636,0.275641906364883,0.362487298268601,0.361870795366517,0.362487298268601
21,909,28.83333333,2,0,-0.0784,0.251764906225016,0.429990376618806,0.318244717156178,0.318244717156178
21,925,25.27777778,0,0,-0.057909091,0.186144429007894,0.461083727234438,0.352771843757669,0.352771843757669
21,925,25.27777778,0,0,-0.057909091,0.176686597711643,0.167834654685375,0.655478747602981,0.655478747602981
21,931,23.38888889,1,0,-0.091763636,0.16124809286748,0.325248763674337,0.513503143458183,0.513503143458183
21,934,22.19444444,1,0,-0.025836364,0.157042610269255,0.292832740246581,0.550124649484164,0.157042610269255
21,936,21.47222222,1,0,0.006236364,0.241700327273728,0.586205786385394,0.172093886340878,0.241700327273728
21,939,20.47222222,1,0,-0.004454545,0.220461996990403,0.610595634526644,0.168942368482954,0.220461996990403
21,943,18.16666667,1,0,-0.131854545,0.168710750669113,0.699236288147317,0.13205296118357,0.13205296118357
21,946,16.02777778,2,0,0.128290909,0.109109361825368,0.481995490668184,0.408895147506447,0.481995490668184
21,949,14.75,1,0,0.146109091,0.150773289240998,0.491042183280521,0.358184527478481,0.491042183280521
